entry_id,account,gross_value,entry_date
TXN-48561415,M-328,14113.95,04.08.2026
TXN-9604C6C9,M-189,44662.89,04.08.2026
TXN-0571A6F9,M-716,12016.71,01.08.2026
TXN-94915C2A,M-529,35215.59,07.08.2026
TXN-25C42D20 ,M-877,43530.37,19.08.2026
TXN-3FF8E9CB,M-444,47882.05,09.08.2026
TXN-5DD9569C,M-718,42450.97,13.08.2026
TXN-00959AF5,M-487,27043.29,02.08.2026
TXN-1AFEA760,M-470,44329.86,10.08.2026
TXN-BBDE3989,M-181,38766.88,02.08.2026
TXN-F35FD3FF,M-954,22943.81,04.08.2026
TXN-F9D02BED,M-846,8971.36,03.08.2026
TXN-E40F1D4C,M-755,49481.41,15.08.2026
TXN-A1C55E29,M-924,41179.23,11.08.2026
TXN-B77594A7,M-680,45700.24,09.08.2026
TXN-D0A2722C,M-758,25211.95,11.08.2026
TXN-248E7607,M-369,28287.72,05.08.2026
TXN-B1D4D8ED,M-241,11356.38,19.08.2026
TXN-165D0D0D,M-911,31558.58,02.08.2026
TXN-138E7C46,M-579,29996.48,03.08.2026
txn-31ae1c9e,M-373,27080.03,04.08.2026
TXN-8CE34171,M-839,22959.32,10.08.2026
TXN-9AB25D03,M-208,9343.27,09.08.2026
TXN-4A9E553C,M-256,30644.03,10.08.2026
TXN-460B46EE,M-100,46160.49,06.08.2026
GW/TXN-243C08B0,M-951,18467.55,01.08.2026
GW/TXN-FEC7036D,M-597,4739.85,08.08.2026
TXN-214BAF87,M-993,13620.3,16.08.2026
TXN-B2E81CFD,M-419,10456.98,18.08.2026
TXN-D932709A,M-223,26120.0,12.08.2026
TXN-DB20513A,M-335,29621.28,03.08.2026
TXN-C9A3CE98,M-785,12281.23,11.08.2026
GW/TXN-2032AEBF,M-584,12528.36,19.08.2026
TXN-1E272C85,M-520,18037.73,04.08.2026
TXN-3C92388F,M-919,36546.57,04.08.2026
TXN-E70D6355,M-243,27046.14,08.08.2026
TXN-8F055F78,M-177,43787.05,09.08.2026
C002F5AC,M-653,32781.17,18.08.2026
TXN-D82C39AB,M-985,24327.24,06.08.2026
TXN-E33741CC,M-499,606.69,02.08.2026
TXN-43FF1F44,M-294,24590.23,18.08.2026
TXN-161C5259,M-865,27338.66,02.08.2026
TXN-A66E039D,M-973,25391.09,02.08.2026
TXN-1B336606,M-709,9698.34,17.08.2026
TXN-B5267E55,M-683,47109.01,08.08.2026
TXN-C6233931,M-773,4558.18,20.08.2026
TXN-42A47B7B,M-344,35951.49,09.08.2026
txn-6c599ee3,M-548,14606.88,03.08.2026
TXN-574FBD8A,M-999,33337.74,18.08.2026
TXN-93F9092B,M-378,27884.57,04.08.2026
TXN-880162AE,M-749,10578.07,07.08.2026
TXN-294CAFFA,M-966,45314.16,17.08.2026
TXN-B68825A3,M-889,675.51,14.08.2026
TXN-3B439C37,M-822,22370.86,09.08.2026
TXN-EEABDE68,M-665,18776.19,18.08.2026
TXN-54D8E4E8,M-782,34262.3,02.08.2026
TXN-BAFB4297,M-342,37599.14,18.08.2026
TXN-B2063F08 ,M-440,9378.35,06.08.2026
TXN-B2B848F3,M-491,35213.27,09.08.2026
TXN-441A0293,M-571,40921.04,16.08.2026
TXN-72DBAB9F,M-508,33171.64,08.08.2026
TXN-01E3724C,M-509,32253.35,03.08.2026
TXN-7E4A5AF1,M-367,43913.4,11.08.2026
TXN-83918ECE,M-453,30030.28,09.08.2026
TXN-20C10FBB,M-690,6224.47,14.08.2026
TXN-726DF7F0,M-925,583.72,02.08.2026
TXN-A087ECF3,M-438,47469.29,12.08.2026
TXN-4DD11FC3,M-416,15365.95,04.08.2026
TXN-FC2D5094,M-296,27943.42,13.08.2026
TXN-F86C99E4,M-730,45188.87,13.08.2026
txn-a7477542,M-540,14702.23,18.08.2026
GW/TXN-4D611700,M-584,11078.22,15.08.2026
TXN-CFDD4F96,M-443,31830.57,10.08.2026
TXN-DD8A9271,M-303,11619.71,08.08.2026
TXN-D7B78554,M-886,30758.06,02.08.2026
TXN-BECFA2BF,M-813,10124.54,14.08.2026
TXN-276B0035,M-105,32974.87,13.08.2026
TXN-13874160,M-812,9206.39,04.08.2026
TXN-6C468EEF,M-567,42492.65,18.08.2026
TXN-0E598899,M-709,49400.68,15.08.2026
TXN-7DCCFD8A,M-616,36104.06,15.08.2026
TXN-3FA747AF,M-982,8378.32,18.08.2026
TXN-6393706C,M-633,38407.78,08.08.2026
TXN-52F07F5C,M-340,35820.47,09.08.2026
TXN-56904788,M-336,7349.52,11.08.2026
TXN-92B3EAF3,M-517,3679.33,05.08.2026
TXN-432E36E1,M-530,10738.3,15.08.2026
TXN-63FACB90,M-883,42908.24,19.08.2026
TXN-D69347A9,M-973,37797.02,01.08.2026
TXN-E9315F2E,M-919,36864.39,14.08.2026
TXN-86188D9F,M-129,22073.88,16.08.2026
TXN-C6C9031A,M-677,20004.0,18.08.2026
TXN-4E558DE5,M-151,23354.07,14.08.2026
TXN-E74AFD63,M-879,16678.87,11.08.2026
TXN-CB2639A9,M-581,41828.09,09.08.2026
0A13D6CB,M-170,11599.0,18.08.2026
TXN-31B96D78,M-256,1508.81,08.08.2026
TXN-36E29978,M-323,28416.49,16.08.2026
TXN-AA059362,M-865,30558.75,12.08.2026
TXN-E188513A,M-419,1771.08,10.08.2026
GW/TXN-6CAFF0F6,M-807,4261.83,13.08.2026
TXN-93CC5453,M-479,21704.71,02.08.2026
TXN-96F88E88,M-601,21292.91,11.08.2026
TXN-CBA4A36D,M-824,41521.01,12.08.2026
TXN-E18AB182,M-376,48290.95,06.08.2026
TXN-2CABD1D1,M-706,41373.86,16.08.2026
TXN-06598ADD ,M-349,44140.74,08.08.2026
TXN-AA5D3F95,M-599,16588.2,01.08.2026
TXN-22D45354,M-818,44075.84,09.08.2026
TXN-C327DAD1,M-187,47429.1,18.08.2026
TXN-8672945F,M-807,38029.15,14.08.2026
TXN-44B0CCB0,M-514,15064.66,15.08.2026
TXN-B8A0B79B,M-452,27896.91,19.08.2026
TXN-B1C59BED,M-377,35291.32,18.08.2026
TXN-F3FEE7CC,M-222,10032.92,08.08.2026
TXN-BF759196,M-383,37060.93,06.08.2026
TXN-0E836E33,M-403,41715.1,20.08.2026
TXN-248B11C1,M-229,35546.92,06.08.2026
TXN-27A06A5A,M-229,35022.16,02.08.2026
TXN-699BE25B,M-590,14574.8,04.08.2026
TXN-38768271,M-589,47082.65,06.08.2026
TXN-4A8BA250,M-744,4167.07,03.08.2026
TXN-BFD488BC,M-354,4716.45,05.08.2026
TXN-D2D4570A ,M-331,39641.67,14.08.2026
TXN-9B6BA520,M-539,29631.99,15.08.2026
TXN-9C0954F0,M-183,13599.98,07.08.2026
TXN-8F4462B0,M-518,8248.36,06.08.2026
TXN-81ADE01B,M-389,14761.19,10.08.2026
GW/TXN-90CAFB0B,M-906,46233.6,03.08.2026
67A9C19B,M-372,32557.92,04.08.2026
TXN-52335CDC,M-816,34589.56,15.08.2026
TXN-F068E7C8,M-182,24942.86,09.08.2026
77ECF04C,M-788,49978.83,19.08.2026
TXN-246344FC,M-384,22390.36,16.08.2026
TXN-B5930926,M-193,40805.12,19.08.2026
TXN-0FCA2628,M-264,5677.69,11.08.2026
02DEDE86,M-933,47287.08,16.08.2026
TXN-FCB1A321,M-891,16502.05,03.08.2026
TXN-C40ECB87,M-573,43533.69,17.08.2026
TXN-FF583439,M-610,31320.38,07.08.2026
TXN-7996BB5D,M-394,6985.15,07.08.2026
GW/TXN-BA2F3663,M-723,48670.77,16.08.2026
TXN-BFF55CC0,M-257,32561.63,04.08.2026
TXN-7976C1FC,M-171,7257.16,17.08.2026
txn-07cb4e31,M-373,39492.01,14.08.2026
TXN-2A0AE19A,M-252,24737.2,19.08.2026
TXN-CB8A3D60,M-656,27819.91,16.08.2026
TXN-CACE741F,M-492,12320.87,11.08.2026
TXN-C2257406,M-704,25363.41,16.08.2026
TXN-26ABDE66,M-567,26534.58,04.08.2026
TXN-B77D60EF,M-258,32911.68,05.08.2026
TXN-E5A122A1,M-765,34788.88,09.08.2026
TXN-F7E59553,M-424,26914.3,11.08.2026
TXN-B14AB829,M-746,3886.83,18.08.2026
62F9E969,M-200,21981.59,08.08.2026
TXN-B9B6501B,M-147,45219.49,06.08.2026
TXN-CEC8BDB4,M-249,19054.63,02.08.2026
TXN-E6DEF0E3,M-274,39729.71,14.08.2026
TXN-DBABF131,M-570,32076.28,05.08.2026
TXN-B7FF5ECD,M-659,14737.77,01.08.2026
TXN-97D2961C,M-534,15308.14,15.08.2026
TXN-9C47318D,M-209,42740.11,10.08.2026
TXN-7095E52B,M-816,15145.68,19.08.2026
7D79991C,M-802,28513.49,13.08.2026
TXN-B5B2E275,M-324,40195.63,10.08.2026
TXN-A504B21A,M-775,36185.95,09.08.2026
TXN-260DF88D,M-907,2451.42,04.08.2026
TXN-5CC2ADA4,M-402,7004.88,19.08.2026
TXN-F075886D,M-652,7041.91,14.08.2026
TXN-D283BAAA,M-950,45717.61,12.08.2026
TXN-7BB7993B,M-923,43584.65,16.08.2026
TXN-BE0F0E5E,M-980,48341.76,03.08.2026
TXN-2BCCB3AF,M-504,4969.99,13.08.2026
TXN-F0FD451A,M-866,18744.99,18.08.2026
TXN-9788D163,M-339,5863.13,13.08.2026
TXN-0C87C313,M-943,3629.24,20.08.2026
TXN-05E7AC85,M-138,2744.67,14.08.2026
TXN-0F322FC7,M-650,12122.6,16.08.2026
TXN-645740DF,M-524,36466.66,14.08.2026
TXN-6315A723,M-479,2119.46,20.08.2026
